SetID,Number,Variant,YearFrom,Category,Theme,ThemeGroup,Subtheme,SetName,Image,ImageFilename,USRetailPrice,UKRetailPrice,CARetailPrice,DERetailPrice,USDateAdded,USDateRemoved,Pieces,Minifigs,PackagingType,Availability,USItemNumber,EUItemNumber,EAN,UPC,Width,Height,Depth,Weight,AgeMin,AgeMax,OwnCount,WantCount,InstructionsCount,AdditionalImageCount,Released,Rating,BrickLinkSoldPriceNew,BrickLinkSoldPriceUsed,Designers,LaunchDate,ExitDate,Own,Want,QtyOwned,QtyOwnedNew,QtyOwnedUsed,QtyWanted,WantedPriority,,Flag2,Flag3,Flag4,Flag5,Flag6,Flag7,Flag8,UserNotes
"2293","4695","1","2004","Normal","Harry Potter","Licensed","Prisoner of Azkaban","Mini Harry Potter Knight Bus","X","4695-1","","","","","","","58","","Polybag","Promotional","4237130","","5702014400160","673419046244","17","17","0","","","","2873","1764","1","1","X","49","23.4300","8.6900","","01/04/2004 00:00:00","31/12/2004 00:00:00","","","0","0","0","0","0","","","","","","","","",""
"2294","4701","1","2001","Normal","Harry Potter","Licensed","Philosopher's Stone","Sorting Hat","X","4701-1","7","4.99","","","","","48","1","Box","Retail","4154323","","5702012016592","042884047016","14.4","14.4","4.8","","","","6453","1841","1","1","X","68","85.9000","13.2900","Henrik Rubin Saaby,","01/09/2001 00:00:00","31/12/2002 00:00:00","","","0","0","0","0","0","","","","","","","","",""
"2295","4702","1","2001","Normal","Harry Potter","Licensed","Philosopher's Stone","The Final Challenge","X","4702-1","10","8.99","","","","","60","2","Box","Retail","4154325","","5702012016608","042884047023","14.4","19.2","4.8","","","","5861","1961","1","1","X","53","44.0700","17.3300","","01/09/2001 00:00:00","31/12/2002 00:00:00","","","0","0","0","0","0","","","","","","","","",""
"2296","4704","1","2001","Normal","Harry Potter","Licensed","Philosopher's Stone","The Chamber of the Winged Keys","X","4704-1","20","16.99","","","","","175","3","Box","Retail","1036001","1036001","5702012016622","042884047047","28.8","19.2","4.8","","","","4493","1992","1","1","X","38","89.8600","34.4200","Henrik Rubin Saaby,","01/09/2001 00:00:00","31/12/2002 00:00:00","","","0","0","0","0","0","","","","","","","","",""
"2297","4705","1","2001","Normal","Harry Potter","Licensed","Philosopher's Stone","Snape's Class","X","4705-1","20","16.99","","","","","163","3","Box","Retail","4154330","","5702012016639","042884047054","28.8","19.2","4.8","","","","4973","2010","1","1","X","56","66.3700","30.8800","Henrik Rubin Saaby,","01/09/2001 00:00:00","31/12/2002 00:00:00","","","0","0","0","0","0","","","","","","","","",""
"2298","4706","1","2001","Normal","Harry Potter","Licensed","Philosopher's Stone","Forbidden Corridor","X","4706-1","30","24.99","","","","","238","3","Box","Retail","4181146","4181107","5702012016646","042884047061","28.8","28.8","7.2","","","","5147","2230","1","1","X","43","108.9100","39.4500","Hans Henrik Sidenius,","01/10/2001 00:00:00","31/12/2003 00:00:00","","","0","0","0","0","0","","","","","","","","",""
"2299","4707","1","2001","Normal","Harry Potter","Licensed","Philosopher's Stone","Hagrid's Hut","X","4707-1","30","24.99","","","","","299","2","Box","Retail","4154335","4154334","5702012016653","042884047078","28.8","28.8","6","","","","4631","2127","1","1","X","29","52.2500","43.8500","","01/09/2001 00:00:00","30/05/2002 00:00:00","","","0","0","0","0","0","","","","","","","","",""
"2300","4708","1","2001","Normal","Harry Potter","Licensed","Philosopher's Stone","Hogwarts Express","X","4708-1","50","39.99","","","","","410","3","Box","Retail","4154337","4154336","5702012016660","042884047085","38.4","28.8","7.2","","","","5371","2332","1","1","X","41","125.6500","56.0100","Hans Henrik Sidenius,","01/09/2001 00:00:00","31/12/2003 00:00:00","","","0","0","0","0","0","","","","","","","","",""
"2301","4709","1","2001","Normal","Harry Potter","Licensed","Philosopher's Stone","Hogwarts Castle","X","4709-1","90","79.99","","","","","682","9","Box","Retail","4154339","4154338","5702012016677","042884047092","57.6","38.4","7.2","","","","5791","2580","1","1","X","70","288.8100","108.2600","","01/09/2001 00:00:00","31/12/2003 00:00:00","","","0","0","0","0","0","","","","","","","","",""
"2302","4711","1","2002","Normal","Harry Potter","Licensed","Philosopher's Stone","Flying Lesson","X","4711-1","4","2.99","","","","","23","2","Box","Retail","4166002","4163095","","673419010139","9.6","9.6","4.8","","","","5077","1738","1","1","X","67","31.6200","7.2900","Henrik Rubin Saaby,","01/01/2002 00:00:00","31/12/2003 00:00:00","","","0","0","0","0","0","","","","","","","","",""
"2303","4712","1","2002","Normal","Harry Potter","Licensed","Philosopher's Stone","Troll on the Loose","X","4712-1","10","8.99","","","","","71","2","Box","Retail","4166009","4163096","5702014151604","","14.4","19.2","4.8","","","","5557","2086","1","1","X","65","86.8500","33.5800","Hans Henrik Sidenius,","01/01/2002 00:00:00","31/12/2003 00:00:00","","","0","0","0","0","0","","","","","","","","",""
"2304","4714","1","2002","Normal","Harry Potter","Licensed","Philosopher's Stone","Gringotts Bank","X","4714-1","30","24.99","","","","","250","4","Box","Retail","4166012","4163097","5702014151611","673419010153","28.8","28.8","6","","","","3775","2020","1","1","X","39","128.7800","40.5000","Hans Henrik Sidenius,","01/01/2002 00:00:00","31/12/2003 00:00:00","","","0","0","0","0","0","","","","","","","","",""
"2305","4719","1","2003","Normal","Harry Potter","Licensed","Chamber of Secrets","Quality Quidditch Supplies","X","4719-1","10","8.99","","","","","120","1","Box","Retail","4196523","4195413","5702014291515","673419020756","19.2","14.4","6","","","","2903","1968","2","1","X","13","50.3700","25.3500","Henrik Rubin Saaby,","01/04/2003 00:00:00","31/12/2004 00:00:00","","","0","0","0","0","0","","","","","","","","",""
"2306","4720","1","2003","Normal","Harry Potter","Licensed","Chamber of Secrets","Knockturn Alley","X","4720-1","20","19.99","","","","","209","2","Box","Retail","4196524","4195414","5702014291522","673419020763","28.8","19.2","6","","","","2448","2376","1","1","X","26","178.5900","63.1000","Henrik Rubin Saaby,","01/04/2003 00:00:00","31/12/2004 00:00:00","","","0","0","0","0","0","","","","","","","","",""
"2307","4721","1","2001","Normal","Harry Potter","Licensed","Philosopher's Stone","Hogwarts Classrooms","X","4721-1","10","8.99","","","","","73","1","Box","Retail","1036005","1036005","5702012017988","","19.2","19.2","4.8","","","","3283","2089","1","1","X","19","121.6700","30.3700","","01/09/2001 00:00:00","31/12/2002 00:00:00","","","0","0","0","0","0","","","","","","","","",""
"2308","4722","1","2001","Normal","Harry Potter","Licensed","Philosopher's Stone","Gryffindor","X","4722-1","10","8.99","","","","","68","1","Box","Retail","1036006","4157094","5702012017995","042884047221","19.2","19.2","4.8","","","","3170","2061","1","1","X","14","89.0200","31.9000","","01/09/2001 00:00:00","31/12/2002 00:00:00","","","0","0","0","0","0","","","","","","","","",""
"2309","4723","1","2001","Normal","Harry Potter","Licensed","Philosopher's Stone","Diagon Alley Shops","X","4723-1","10","8.99","","","","","80","1","Box","Retail","1036007","1036007","5702012018008","","19.2","19.2","4.8","","","","3230","2084","1","1","X","22","96.1900","31.7700","","01/09/2001 00:00:00","31/12/2002 00:00:00","","","0","0","0","0","0","","","","","","","","",""
"2310","4726","1","2002","Normal","Harry Potter","Licensed","Chamber of Secrets","Quidditch Practice","X","4726-1","13","11.99","","","","","128","3","Box","Retail","4174984","4174245","5702014169098","673419015073","19.2","19.2","6","","","","4686","1708","2","1","X","39","89.3000","20.5100","","20/09/2002 00:00:00","31/12/2004 00:00:00","","","0","0","0","0","0","","","","","","","","",""
"2311","4727","1","2002","Normal","Harry Potter","Licensed","Chamber of Secrets","Aragog in the Dark Forest","X","4727-1","20","17.99","","","","","178","2","Box","Retail","4174999","4174246","5702014169128","673419015080","28.8","19.2","4.8","","","","4497","1698","1","1","X","20","61.6400","22.0200","Henrik Rubin Saaby,","20/09/2002 00:00:00","31/12/2003 00:00:00","","","0","0","0","0","0","","","","","","","","",""
"2312","4728","1","2002","Normal","Harry Potter","Licensed","Chamber of Secrets","Escape from Privet Drive","X","4728-1","30","24.99","","","","","278","3","Box","Retail","4175001","4174247","5702014169135","673419015097","28.8","28.8","6","","","","4358","2297","1","1","X","64","154.0400","39.2500","","20/09/2002 00:00:00","31/12/2004 00:00:00","","","0","0","0","0","0","","","","","","","","",""
"2313","4729","1","2002","Normal","Harry Potter","Licensed","Chamber of Secrets","Dumbledore's Office","X","4729-1","50","44.99","","","","","446","3","Box","Retail","4174248","4174248","5702014169142","673419015103","28.8","38.4","7.2","","","","4916","2360","1","1","X","43","195.3300","54.6500","Henrik Rubin Saaby,","20/09/2002 00:00:00","31/12/2004 00:00:00","","","0","0","0","0","0","","","","","","","","",""
"2314","4730","1","2002","Normal","Harry Potter","Licensed","Chamber of Secrets","The Chamber of Secrets","X","4730-1","70","59.99","","","","","591","5","Box","Retail","4175004","4174249","5702014169159","673419015110","48","38.4","7.2","","","","4396","2398","1","1","X","52","319.4500","100.4600","Hans Henrik Sidenius,","20/09/2002 00:00:00","31/12/2003 00:00:00","","","0","0","0","0","0","","","","","","","","",""
"2315","4731","1","2002","Normal","Harry Potter","Licensed","Chamber of Secrets","Dobby's Release","X","4731-1","7","5.99","","","","","70","2","Box","Retail","4180148","4179220","5702014244399","673419016063","14.4","14.4","4.8","","","","4797","1712","1","1","X","44","36.1800","19.6200","Henrik Rubin Saaby,","20/09/2002 00:00:00","31/12/2003 00:00:00","","","0","0","0","0","0","","","","","","","","",""
"2316","4733","1","2002","Normal","Harry Potter","Licensed","Chamber of Secrets","The Dueling Club","X","4733-1","20","17.99","","","","","129","4","Box","Retail","4180153","4179236","5702014244405","673419016070","28.8","19.2","6","","","","4044","1859","1","1","X","24","75.7900","27.2100","Hans Henrik Sidenius,","20/09/2002 00:00:00","31/12/2003 00:00:00","","","0","0","0","0","0","","","","","","","","",""
"2317","4735","1","2002","Normal","Harry Potter","Licensed","Chamber of Secrets","Slytherin","X","4735-1","10","8.99","","","","","90","3","Box","Retail","4180514","4180477","5702014244740","673419016094","19.2","14.4","4.8","","","","4068","1830","1","1","X","26","50.9300","19.8600","Henrik Rubin Saaby,","20/09/2002 00:00:00","31/12/2003 00:00:00","","","0","0","0","0","0","","","","","","","","",""
"7686","4736","1","2010","Normal","Harry Potter","Licensed","Chamber of Secrets","Freeing Dobby","X","4736-1","10.99","10.49","14.99","","05/09/2010 00:00:00","26/11/2011 00:00:00","73","3","Box","Retail","4590049","4590048","5702014709621","673419139380","19.1","14.1","4.6","0.14","6","12","9637","2139","2","12","X","97","27.9800","15.0200","Henrik Rubin Saaby,","01/10/2010 00:00:00","31/12/2011 00:00:00","","","0","0","0","0","0","","","","","","","","",""
"7687","4737","1","2010","Normal","Harry Potter","Licensed","General","Quidditch Match","X","4737-1","19.99","20.99","26.99","","05/09/2010 00:00:00","08/11/2012 00:00:00","153","5","Box","Retail","4590061","4590058","5702014709638","673419139397","35.41","19.1","5.89","0.3","6","12","8109","2261","2","15","X","58","47.1000","20.2200","","01/10/2010 00:00:00","31/12/2012 00:00:00","","","0","0","0","0","0","","","","","","","","",""
"7688","4738","1","2010","Normal","Harry Potter","Licensed","General","Hagrid's Hut","X","4738-1","39.99","40.99","54.99","","05/09/2010 00:00:00","18/11/2012 00:00:00","442","4","Box","Retail","4590122","4590065","5702014709645","673419139403","48.01","28.19","6.1","0.81","7","12","8275","2717","2","14","X","77","82.2000","23.2800","Henrik Rubin Saaby,","01/10/2010 00:00:00","31/12/2012 00:00:00","","","0","0","0","0","0","","","","","","","","",""
"2324","4750","1","2004","Normal","Harry Potter","Licensed","Prisoner of Azkaban","Draco's Encounter with Buckbeak","X","4750-1","8","5.99","","","","","36","1","Box","Retail","4217479","4216964","5702014363670","673419033534","14.4","14.4","4.8","0.1","","","3113","2034","1","1","X","33","27.0600","22.2100","","05/04/2004 00:00:00","31/01/2005 00:00:00","","","0","0","0","0","0","","","","","","","","",""
"2325","4751","1","2004","Normal","Harry Potter","Licensed","Prisoner of Azkaban","Harry and the Marauder's Map","X","4751-1","10","8.99","","","","","109","3","Box","Retail","4217516","4216965","5702014363687","673419033541","14.4","19.2","6","0.2","","","2854","1989","1","1","X","13","85.6700","28.6500","","05/04/2004 00:00:00","31/12/2004 00:00:00","","","0","0","0","0","0","","","","","","","","",""
"2326","4752","1","2004","Normal","Harry Potter","Licensed","Prisoner of Azkaban","Professor Lupin's Classroom","X","4752-1","20","17.99","","","","","156","3","Box","Retail","4217518","4216966","5702014363731","673419033558","28.8","19.2","6","0.34","","","2580","2175","1","1","X","22","60.6100","45.3100","Henrik Rubin Saaby,","05/04/2004 00:00:00","31/12/2004 00:00:00","","","0","0","0","0","0","","","","","","","","",""
"2327","4753","1","2004","Normal","Harry Potter","Licensed","Prisoner of Azkaban","Sirius Black's Escape","X","4753-1","20","17.99","","","","","188","3","Box","Retail","4217519","4216967","5702014363748","673419033565","19.2","28.8","6","0.36","","","2960","2239","1","1","X","59","149.1700","36.6100","Henrik Rubin Saaby,","05/04/2004 00:00:00","31/12/2004 00:00:00","","","0","0","0","0","0","","","","","","","","",""
"2328","4754","1","2004","Normal","Harry Potter","Licensed","Prisoner of Azkaban","Hagrid's Hut","X","4754-1","30","19.99","","","","","302","2","Box","Retail","4217520","4216968","5702014363755","673419033572","28.8","28.8","6","0.58","","","2320","2008","1","1","X","13","121.2600","43.3600","Henrik Rubin Saaby,","05/04/2004 00:00:00","31/12/2005 00:00:00","","","0","0","0","0","0","","","","","","","","",""
"2329","4755","1","2004","Normal","Harry Potter","Licensed","Prisoner of Azkaban","Knight Bus","X","4755-1","30","19.99","","","","","243","2","Box","Retail","4217972","4216969","5702014364509","673419033756","28.8","28.8","7.2","0.55","","","3572","1952","1","1","X","43","110.0000","38.1400","","05/04/2004 00:00:00","31/12/2005 00:00:00","","","0","0","0","0","0","","","","","","","","",""
"2330","4756","1","2004","Normal","Harry Potter","Licensed","Prisoner of Azkaban","Shrieking Shack","X","4756-1","50","39.99","","","","","444","4","Box","Retail","4217973","4216970","5702014365001","673419033763","38.4","28.8","9.6","0.93","","","2758","2940","1","1","X","38","299.9900","136.5100","Henrik Rubin Saaby,","05/04/2004 00:00:00","31/07/2005 00:00:00","","","0","0","0","0","0","","","","","","","","",""
"2331","4757","1","2004","Normal","Harry Potter","Licensed","Prisoner of Azkaban","Hogwarts Castle","X","4757-1","90","79.99","","","","","944","9","Box","Retail","4217982","4216971","5702014365025","673419033770","57.6","38.4","9.6","2.12","","","2510","2806","1","1","X","42","511.8600","190.0100","","05/04/2004 00:00:00","31/12/2005 00:00:00","","","0","0","0","0","0","","","","","","","","",""
"2332","4758","1","2004","Normal","Harry Potter","Licensed","Prisoner of Azkaban","Hogwarts Express","X","4758-1","40","34.99","","","","","389","4","Box","Retail","4217987","4216972","5702014365032","673419033787","33.6","28.8","7.2","0.79","","","1702","2147","1","1","X","17","223.4300","82.4300","","05/04/2004 00:00:00","31/12/2005 00:00:00","","","0","0","0","0","0","","","","","","","","",""
"4746","4762","1","2005","Normal","Harry Potter","Licensed","Goblet of Fire","Rescue from the Merpeople","X","4762-1","20","14.99","","","","","175","5","Box","Retail","4250444","4249329","5702014426368","673419057332","19.2","28.8","4.8","0.3","","","2392","2505","2","1","X","21","240.0000","56.5000","","01/10/2005 00:00:00","31/07/2006 00:00:00","","","0","0","0","0","0","","","","","","","","",""
"4787","4766","1","2005","Normal","Harry Potter","Licensed","Goblet of Fire","Graveyard Duel","X","4766-1","30","29.99","","","","","548","6","Box","Retail","4250449","4249332","5702014426399","673419057370","38.4","28.8","6","0.8","","","2382","3001","2","1","X","14","396.3100","179.6100","","01/10/2005 00:00:00","31/07/2006 00:00:00","","","0","0","0","0","0","","","","","","","","",""
"4747","4767","1","2005","Normal","Harry Potter","Licensed","Goblet of Fire","Harry and the Hungarian Horntail","X","4767-1","30","29.99","","","","","265","3","Box","Retail","4250450","4249333","5702014426405","673419057387","38.4","28.8","6","0.62","","","1984","2634","2","1","X","12","289.0000","105.0000","Henrik Rubin Saaby,","01/10/2005 00:00:00","31/07/2006 00:00:00","","","0","0","0","0","0","","","","","","","","",""
"4748","4768","1","2005","Normal","Harry Potter","Licensed","Goblet of Fire","The Durmstrang Ship","X","4768-1","49.99","39.99","","","","","550","2","Box","Retail","4250451","4249334","5702014426412","673419057394","48","28.8","9.6","1.2","8","","2196","2353","2","1","X","24","323.9300","213.5800","Henrik Rubin Saaby,","01/10/2005 00:00:00","31/07/2006 00:00:00","","","0","0","0","0","0","","","","","","","","",""
"9143","4768","2","2005","Normal","Harry Potter","Licensed","Goblet of Fire","The Durmstrang Ship with Bonus Minifigures","X","4768-2","","","","","","","566","6","Box","Retail - limited","4291292","4249334","","673419081498","48","28.8","9.6","","","","356","1472","0","0","X","0","300.0000","275.0000","Henrik Rubin Saaby,","01/10/2005 00:00:00","31/07/2006 00:00:00","","","0","0","0","0","0","","","","","","","","",""
"7689","4840","1","2010","Normal","Harry Potter","Licensed","Half-Blood Prince","The Burrow","X","4840-1","59.99","61.99","79.99","","05/09/2010 00:00:00","25/10/2011 00:00:00","568","6","Box","Retail","4595249","4589702","5702014715783","673419140980","35.41","37.8","7.06","1.03","7","14","6916","3409","4","14","X","65","170.8300","91.3000","","01/10/2010 00:00:00","31/12/2011 00:00:00","","","0","0","0","0","0","","","","","","","","",""
"7690","4841","1","2010","Normal","Harry Potter","Licensed","General","Hogwarts Express","X","4841-1","79.99","81.99","109.99","","05/09/2010 00:00:00","01/11/2011 00:00:00","646","5","Box","Retail","4595252","4589704","5702014715790","673419140997","54","28.19","7.85","1.22","8","14","5972","3352","4","14","X","33","170.8500","82.1000","Hans Henrik Sidenius,","01/10/2010 00:00:00","31/12/2011 00:00:00","","","0","0","0","0","0","","","","","","","","",""
"7691","4842","1","2010","Normal","Harry Potter","Licensed","Deathly Hallows","Hogwarts Castle","X","4842-1","129.99","102.99","174.99","","05/09/2010 00:00:00","08/11/2012 00:00:00","1290","11","Box","Retail","4595254","4589705","5702014715806","673419141000","58.19","37.8","8.71","2.14","8","14","8757","3975","6","14","X","94","198.9400","117.6900","Bjarke Lykke Madsen,","01/10/2010 00:00:00","31/12/2012 00:00:00","","","0","0","0","0","0","","","","","","","","",""
"8548","4865","1","2011","Normal","Harry Potter","Licensed","Deathly Hallows","The Forbidden Forest","X","4865-1","11.99","10.49","14.99","","19/05/2011 00:00:00","17/11/2012 00:00:00","64","4","Box","Retail","4622258","4614899","5702014756755","673419149617","19.1","14.1","4.6","0.12","6","12","8221","2341","2","9","X","64","46.3800","11.0000","Henrik Rubin Saaby,","15/06/2011 00:00:00","31/12/2012 00:00:00","","","0","0","0","0","0","","","","","","","","",""
"8549","4866","1","2011","Normal","Harry Potter","Licensed","Prisoner of Azkaban","The Knight Bus","X","4866-1","34.99","29.99","39.99","","19/05/2011 00:00:00","17/11/2012 00:00:00","281","3","Box","Retail","4622717","4622716","5702014758162","673419149754","28.19","26.19","6.4","0.56","7","12","7715","2568","2","11","X","44","70.7400","27.2100","","15/06/2011 00:00:00","31/12/2012 00:00:00","","","0","0","0","0","0","","","","","","","","",""
"8550","4867","1","2011","Normal","Harry Potter","Licensed","Deathly Hallows","Hogwarts","X","4867-1","49.99","49.99","64.99","","19/05/2011 00:00:00","07/09/2012 00:00:00","466","7","Box","Retail","4622259","4614902","5702014756762","673419149624","48.01","28.19","6.1","0.91","7","14","6450","2686","2","13","X","49","80.0000","40.8000","","15/06/2011 00:00:00","31/12/2012 00:00:00","","","0","0","0","0","0","","","","","","","","",""
"5845","5378","1","2007","Normal","Harry Potter","Licensed","Order of the Phoenix","Hogwarts Castle","X","5378-1","89.99","69.99","","","24/10/2007 00:00:00","06/12/2007 00:00:00","943","9","Box","Retail","4498782","4496230","5702014499522","673419091282","57.6","38.4","7.2","1.65","7","12","1656","3119","3","1","X","41","468.4300","277.1400","","01/06/2007 00:00:00","31/12/2007 00:00:00","","","0","0","0","0","0","","","","","","","","",""
"96","10132","1","2004","Normal","Harry Potter","Licensed","Prisoner of Azkaban","Motorised Hogwarts Express","X","10132-1","120","89.99","","","","","708","4","Box","LEGO exclusive","4219670","4219154","5702014369337","673419034876","57.6","38.4","9.6","2.58","","","745","2683","2","1","X","56","933.8800","399.2100","Henrik Rubin Saaby,","06/04/2004 00:00:00","31/12/2005 00:00:00","","","0","0","0","0","0","","","","","","","","",""
"8201","10217","1","2011","Normal","Harry Potter","Licensed","General","Diagon Alley","X","10217-1","149.99","132.99","199.99","","04/01/2011 00:00:00","04/01/2013 00:00:00","2025","12","Box","LEGO exclusive","4593084","4593084","","673419140898","58.2","37.8","8.7","","14","","6362","5573","6","49","X","44","342.0100","241.9500","","01/01/2011 00:00:00","31/12/2012 00:00:00","","","0","0","0","0","0","","","","","","","","",""
"30001","11923","1","2019","Normal","Harry Potter","Licensed","Book Parts","Harry Potter: Build Your Own Adventure parts","X","11923-1","","","","","","","101","1","Polybag","{Not specified}","","6257657","5702016391398","","","","","","6","","1012","731","0","0","X","0","17.4900","","","","","","","0","0","0","0","0","","","","","","","","",""
"8727","30110","1","2011","Normal","Harry Potter","Licensed","Mini Building Set","Trolley","X","30110-1","4.99","","","","","","22","1","Polybag","Promotional","4650181","4657674","5702014847026","673419164344","14","17","0","","6","12","4212","1861","1","0","X","6","10.3900","5.7900","Henrik Rubin Saaby,","01/04/2011 00:00:00","31/12/2011 00:00:00","","","0","0","0","0","0","","","","","","","","",""
"8728","30111","1","2011","Normal","Harry Potter","Licensed","Mini Building Set","The Lab","X","30111-1","3.99","","","","","","34","1","Polybag","Promotional","4639943","4657675","5702014847033","673419158480","","","","","6","12","5881","1575","0","0","X","28","7.1500","3.7400","Bjarke Lykke Madsen,Henrik Rubin Saaby,","","","","","0","0","0","0","0","","","","","","","","",""
"31395","30392","1","2021","Normal","Harry Potter","Licensed","Accessories","Hermione's Study Desk","X","30392-1","","","","","","","31","1","Polybag","{Not specified}","6333585","6333584","","673419341714","17","17","0.6","","","","6971","1362","2","0","X","0","4.9500","3.1500","","01/08/2021 00:00:00","31/12/2022 00:00:00","","","0","0","0","0","0","","","","","","","","",""
"28149","30407","1","2018","Normal","Harry Potter","Licensed","Philosopher's Stone","Harry's Journey to Hogwarts","X","30407-1","3.99","3.99","","3.49","","","40","1","Polybag","Retail - limited","6214727","6214726","5702016122725","","17","17","0.7","","6","","10172","1736","2","2","X","28","6.5200","1.9000","Justin Ramsden,","01/08/2018 00:00:00","31/12/2019 00:00:00","","","0","0","0","0","0","","","","","","","","",""
"30212","30420","1","2020","Normal","Harry Potter","Licensed","Accessories","Harry Potter and Hedwig: Owl Delivery","X","30420-1","","","","","","","31","1","Polybag","LEGO exclusive","6294100","6294099","5702016668087","673419322065","17","17","0.7","","","","7822","1754","2","0","X","6","4.9600","2.4200","Wes Talbott,","01/06/2020 00:00:00","31/12/2021 00:00:00","","","0","0","0","0","0","","","","","","","","",""
"33738","30435","1","2022","Normal","Harry Potter","Licensed","Miscellaneous","Build Your Own Hogwarts Castle","X","30435-1","4.99","","","","","","67","1","Polybag","Retail","6378986","6378975","","","17","19.5","1.5","","","","7499","1168","2","1","X","0","4.5800","3.2100","Nick Vas,","01/06/2022 00:00:00","31/12/2023 00:00:00","","","0","0","0","0","0","","","","","","","","",""
"30927","30628","1","2020","Normal","Harry Potter","Licensed","Promotional","Monster Book of Monsters","X","30628-1","24.99","","","","","","320","1","Box","Retail - limited","6316301","6316300","5702016819939","673419333344","20.5","19.1","7.3","","10","","8225","2238","2","2","X","0","45.0100","26.1700","Justin Ramsden,","01/11/2020 00:00:00","31/12/2020 00:00:00","","","0","0","0","0","0","","","","","","","","",""
"34544","30651","1","2023","Normal","Harry Potter","Licensed","Miscellaneous","Quidditch Practice","X","30651-1","","","","","","","55","1","Polybag","Retail","","","","","","","","","","","6799","781","0","1","X","0","3.9400","3.9000","","","","","","0","0","0","0","0","","","","","","","","",""
"48313","30677","1","2024","Normal","Harry Potter","Licensed","Philosopher's Stone","Draco in the Forbidden Forest","X","30677-1","","","","","","","33","1","Polybag","{Not specified}","6471464","6471463","","","17","19.5","1.5","","","","4153","670","2","1","X","0","3.8200","3.8000","George Gilliatt,","01/03/2024 00:00:00","31/12/2024 00:00:00","","","0","0","0","0","0","","","","","","","","",""
"50455","30706","1","2025","Normal","Harry Potter","Licensed","","Quidditch Training","","","","","","","","","","","Paper bag","{Not specified}","","","","","","","","","","","2","151","0","0","","0","","","","","","","","0","0","0","0","0","","","","","","","","",""
"8821","40028","1","2011","Normal","Harry Potter","Licensed","Mini Building Set","Mini Hogwarts Express","X","40028-1","4.99","3.99","6.99","","02/02/2012 00:00:00","05/09/2012 00:00:00","64","","Polybag","Promotional","4650953","","","673419165105","","","","","6","12","2493","1360","0","3","X","8","15.0400","6.1500","","","","","","0","0","0","0","0","","","","","","","","",""
"28296","40289","1","2018","Normal","Harry Potter","Licensed","Promotional","Diagon Alley","X","40289-1","","","","","","","374","1","Box","Promotional","6215187","6215186","5702016122947","","19.1","14.1","7.1","","10","","6783","2885","2","2","X","17","74.5400","55.3100","Justin Ramsden,Rok Zgalin Kobe,","15/08/2018 00:00:00","31/12/2018 00:00:00","","","0","0","0","0","0","","","","","","","","",""
"30331","40419","1","2020","Normal","Harry Potter","Licensed","Accessories","Hogwarts Students Accessory Set","X","40419-1","14.99","13.49","19.99","14.99","02/06/2020 00:00:00","16/11/2022 00:00:00","53","4","Blister pack","LEGO exclusive","6301737","6301737","","673419326179","25","15","3.2","","6","","7038","1717","1","6","X","8","14.5300","8.9700","","01/06/2020 00:00:00","31/12/2021 00:00:00","","","0","0","0","0","0","","","","","","","","",""
"31992","40452","1","2021","Normal","Harry Potter","Licensed","Promotional","Hogwarts Gryffindor Dorms","X","40452-1","","","","","","","148","2","Box","Promotional","6345452","6345447","","","26.2","14.1","6.1","","8","","5394","1984","2","2","X","0","53.0600","40.0000","","25/10/2021 00:00:00","31/12/2021 00:00:00","","","0","0","0","0","0","","","","","","","","",""
"30933","40500","1","2021","Normal","Harry Potter","Licensed","Accessories","Wizarding World Minifigure Accessory Set","X","40500-1","14.99","13.49","19.99","14.99","04/07/2021 00:00:00","01/02/2022 00:00:00","33","4","Blister pack","LEGO exclusive","6347559","6347559","","673419345804","25","15","3.2","","6","","4370","2025","1","0","X","4","22.2700","14.9500","","01/06/2021 00:00:00","31/12/2021 00:00:00","","","0","0","0","0","0","","","","","","","","",""
"32466","40577","1","2022","Normal","Harry Potter","Licensed","Promotional","Hogwarts: Grand Staircase","X","40577-1","","","","","","","224","1","Box","Promotional","6395734","6395733","","","19.1","26.2","6.1","","8","","4555","2049","2","2","X","0","57.9100","49.3700","","15/07/2022 00:00:00","31/12/2022 00:00:00","","","0","0","0","0","0","","","","","","","","",""
"47237","40598","1","2023","Normal","Harry Potter","Licensed","Promotional","Gringotts Vault","X","40598-1","","","","","","","212","1","Box","LEGO exclusive","","","","","","","","","8","","3987","1156","0","4","X","0","49.5100","37.5000","George Gilliatt,Justin Ramsden,","","","","","0","0","0","0","0","","","","","","","","",""
"50378","40695","1","2024","Normal","Harry Potter","Licensed","Chamber of Secrets","Borgin and Burkes: Floo Network","X","40695-1","","","","","","","190","","Box","LEGO exclusive","","","","","","","","","8","","2088","451","0","3","X","0","34.7100","","","","","","","0","0","0","0","0","","","","","","","","",""
"9843","65524","1","2004","Collection","Harry Potter","Licensed","Product collection","Motorised Hogwarts Express super pack","X","65524-1","","","","","","","724","","Box","Retail - limited","","","","","","","","","","","101","1274","0","0","X","0","1258.6000","","Henrik Rubin Saaby,","","","","","0","0","0","0","0","","","","","","","","",""
"27836","71043","1","2018","Normal","Harry Potter","Licensed","Miscellaneous","Hogwarts Castle","X","71043-1","469.99","409.99","589.99","469.99","02/09/2018 00:00:00","26/10/2024 00:00:00","6020","28","Box","LEGO exclusive","6212631","6212630","5702016110319","673419281911","58.5","49","19","","16","","14857","6235","15","67","X","10","374.0300","239.4200","Joel Baker,Justin Ramsden,","01/09/2018 00:00:00","31/12/2025 00:00:00","","","0","0","0","0","0","","","","","","","","",""
"29276","75945","1","2019","Normal","Harry Potter","Licensed","Prisoner of Azkaban","Expecto Patronum","X","75945-1","19.99","19.99","24.99","19.49","01/07/2019 00:00:00","10/01/2021 00:00:00","121","4","Box","Retail","6251010","6251009","5702016368468","","26.2","14.1","4.8","","7","","15615","2237","2","4","X","36","25.6300","16.7500","","01/06/2019 00:00:00","31/12/2020 00:00:00","","","0","0","0","0","0","","","","","","","","",""
"29277","75946","1","2019","Normal","Harry Potter","Licensed","Goblet of Fire","Hungarian Horntail Triwizard Challenge","X","75946-1","29.99","29.99","39.99","34.11","01/07/2019 00:00:00","26/11/2020 00:00:00","265","4","Box","Retail","6251014","6251013","5702016368673","","35.4","19.1","5.9","","","","10219","2284","2","3","X","7","42.4900","27.5700","","01/06/2019 00:00:00","31/12/2020 00:00:00","","","0","0","0","0","0","","","","","","","","",""
"29278","75947","1","2019","Normal","Harry Potter","Licensed","Prisoner of Azkaban","Hagrid's Hut: Buckbeak's Rescue","X","75947-1","59.99","49.99","79.99","59.99","01/07/2019 00:00:00","12/11/2021 00:00:00","496","6","Box","Retail","6251016","6251015","5702016368680","","38.2","26.2","5.7","","","","16033","2860","2","4","X","21","56.2300","37.8900","","01/06/2019 00:00:00","31/12/2021 00:00:00","","","0","0","0","0","0","","","","","","","","",""
"29279","75948","1","2019","Normal","Harry Potter","Licensed","Goblet of Fire","Hogwarts Clock Tower","X","75948-1","89.99","89.99","119.99","99.99","01/07/2019 00:00:00","01/12/2022 00:00:00","922","8","Box","Retail","6251024","6251023","5702016368697","","35.4","37.8","9.4","","","","16154","2674","2","4","X","9","67.0200","52.5000","Woon Tze Chee,","01/06/2019 00:00:00","31/12/2022 00:00:00","","","0","0","0","0","0","","","","","","","","",""
"27839","75950","1","2018","Normal","Harry Potter","Licensed","Chamber of Secrets","Aragog's Lair","X","75950-1","14.99","12.99","18.99","19.99","24/08/2018 00:00:00","13/01/2020 00:00:00","157","2","Box","Retail","6212635","6212634","5702016110333","673419281935","19.1","14.1","4.6","0.16","7","14","14792","1949","2","4","X","35","30.3900","12.5100","Samuel Johnson,","01/08/2018 00:00:00","31/12/2019 00:00:00","","","0","0","0","0","0","","","","","","","","",""
"27840","75951","1","2018","Normal","Harry Potter","Licensed","Fantastic Beasts","Grindelwald's Escape","X","75951-1","19.99","19.99","24.99","29.99","24/08/2018 00:00:00","23/02/2020 00:00:00","132","2","Box","Retail","6212637","6212636","5702016110340","673419281942","26.2","14.1","4.8","0.24","7","","11994","1959","2","2","X","16","21.3300","14.2000","Raphael Pretesacque,","01/08/2018 00:00:00","31/12/2019 00:00:00","","","0","0","0","0","0","","","","","","","","",""
"27841","75952","1","2018","Normal","Harry Potter","Licensed","Fantastic Beasts","Newt's Case of Magical Creatures","X","75952-1","49.99","44.99","64.99","49.99","24/08/2018 00:00:00","07/03/2020 00:00:00","694","4","Box","Retail","6212639","6212638","5702016110357","673419281959","38.2","26.2","7.05","0.85","8","14","10337","2096","4","5","X","20","62.0400","37.0500","Samuel Johnson,","01/08/2018 00:00:00","31/12/2019 00:00:00","","","0","0","0","0","0","","","","","","","","",""
"27842","75953","1","2018","Normal","Harry Potter","Licensed","Chamber of Secrets","Hogwarts Whomping Willow","X","75953-1","69.99","59.99","89.99","69.99","24/08/2018 00:00:00","08/12/2021 00:00:00","753","6","Box","Retail","6212642","6212641","5702016110364","673419281966","48","28.2","7.4","1.1","","","18144","2764","4","5","X","19","61.1200","43.2500","Raphael Pretesacque,","01/08/2018 00:00:00","31/12/2021 00:00:00","","","0","0","0","0","0","","","","","","","","",""
"27843","75954","1","2018","Normal","Harry Potter","Licensed","Philosopher's Stone","Hogwarts Great Hall","X","75954-1","99.99","89.99","129.99","99.99","24/08/2018 00:00:00","02/08/2021 00:00:00","878","10","Box","Retail","6212644","6212643","5702016110371","673419281973","48","37.8","7.05","1.66","","","20279","3205","2","5","X","37","108.3000","62.1800","Mark Stafford,","01/08/2018 00:00:00","31/07/2021 00:00:00","","","0","0","0","0","0","","","","","","","","",""
"28087","75955","1","2018","Normal","Harry Potter","Licensed","Prisoner of Azkaban","Hogwarts Express","X","75955-1","79.99","79.99","99.99","89.99","05/09/2018 00:00:00","20/11/2022 00:00:00","801","6","Box","Retail","6212646","6212645","5702016110388","673419281980","54","28.2","7.85","1.37","8","14","22326","3225","2","4","X","27","79.7000","45.2800","Woon Tze Chee,","01/08/2018 00:00:00","31/12/2022 00:00:00","","","0","0","0","0","0","","","","","","","","",""
"28088","75956","1","2018","Normal","Harry Potter","Licensed","Philosopher's Stone","Quidditch Match","X","75956-1","39.99","34.99","49.99","38.98","24/08/2018 00:00:00","02/02/2021 00:00:00","500","6","Box","Retail","6219620","6219619","5702016160277","","38.2","26.2","5.7","","","","13743","2807","4","2","X","9","59.3300","35.7800","","01/08/2018 00:00:00","31/12/2020 00:00:00","","","0","0","0","0","0","","","","","","","","",""
"29280","75957","1","2019","Normal","Harry Potter","Licensed","Prisoner of Azkaban","The Knight Bus","X","75957-1","39.99","34.99","49.99","39.99","01/07/2019 00:00:00","15/01/2022 00:00:00","403","3","Box","Retail","6278193","6278192","5702016542714","","28.2","26.2","7.6","","8","","16339","2570","2","4","X","18","52.0100","26.0500","","01/06/2019 00:00:00","31/12/2021 00:00:00","","","0","0","0","0","0","","","","","","","","",""
"29299","75958","1","2019","Normal","Harry Potter","Licensed","Goblet of Fire","Beauxbatons' Carriage: Arrival at Hogwarts ","X","75958-1","49.99","44.99","64.99","48.73","02/08/2019 00:00:00","07/01/2021 00:00:00","430","4","Box","Retail","6283911","6283906","5702016604122","673419315111","38.2","26.2","5.7","","8","","9378","2884","2","5","X","0","60.1700","46.4700","","01/08/2019 00:00:00","31/12/2020 00:00:00","","","0","0","0","0","0","","","","","","","","",""
"29286","75964","1","2019","Normal","Harry Potter","Licensed","Seasonal","LEGO Harry Potter Advent Calendar","X","75964-1","39.99","24.99","49.99","24.99","01/09/2019 00:00:00","02/12/2019 00:00:00","305","8","Box","Retail","6283900","6283896","5702016604108","","38.2","26.2","7.1","","7","","10047","1558","1","6","X","5","33.2800","19.5200","","01/09/2019 00:00:00","31/12/2019 00:00:00","","","0","0","0","0","0","","","","","","","","",""
"29300","75965","1","2019","Normal","Harry Potter","Licensed","Goblet of Fire","The Rise of Voldemort","X","75965-1","19.99","19.99","24.99","19.49","02/08/2019 00:00:00","09/01/2021 00:00:00","184","6","Box","Retail","6283918","6283917","5702016604139","","26.2","19.1","4.6","","7","","13788","2260","2","4","X","40","32.4300","21.4400","","01/08/2019 00:00:00","31/12/2020 00:00:00","","","0","0","0","0","0","","","","","","","","",""
"29470","75966","1","2020","Normal","Harry Potter","Licensed","Order of the Phoenix","Hogwarts Room of Requirement","X","75966-1","19.99","17.99","29.99","19.99","24/08/2020 00:00:00","25/01/2022 00:00:00","193","4","Box","Retail","6289044","6289043","5702016616668","673419317887","26.2","14.1","7.2","0.3","7","","12944","2036","2","9","X","24","22.9600","14.9900","","01/06/2020 00:00:00","31/12/2021 00:00:00","","","0","0","0","0","0","","","","","","","","",""
"29471","75967","1","2020","Normal","Harry Potter","Licensed","Order of the Phoenix","Forbidden Forest: Umbridge's Encounter","X","75967-1","29.99","24.99","39.99","29.99","24/08/2020 00:00:00","23/01/2022 00:00:00","253","5","Box","Retail","6289046","6289045","5702016616675","673419317894","26.2","22.2","6.2","0.37","8","","11496","2062","4","10","X","5","31.0600","22.5300","Justin Ramsden,","01/06/2020 00:00:00","31/12/2021 00:00:00","","","0","0","0","0","0","","","","","","","","",""
"29472","75968","1","2020","Normal","Harry Potter","Licensed","Chamber of Secrets","4 Privet Drive","X","75968-1","79.99","69.99","99.99","79.99","24/08/2020 00:00:00","01/03/2024 00:00:00","797","6","Box","Retail","6289048","6289047","5702016616682","673419317900","38.2","26.2","9.4","0.92","8","","14041","2981","2","10","X","22","57.1700","38.3800","Justin Ramsden,","01/06/2020 00:00:00","31/12/2023 00:00:00","","","0","0","0","0","0","","","","","","","","",""
"29473","75969","1","2020","Normal","Harry Potter","Licensed","Half-Blood Prince","Hogwarts Astronomy Tower","X","75969-1","99.99","89.99","139.99","99.99","24/08/2020 00:00:00","01/09/2024 00:00:00","971","8","Box","Retail","6289050","6289049","5702016616699","673419317917","48","37.8","7.1","1.45","9","","13613","2953","2","13","X","5","77.0400","53.4000","Wes Talbott,","01/06/2020 00:00:00","31/07/2024 00:00:00","","","0","0","0","0","0","","","","","","","","",""
"30702","75978","1","2020","Normal","Harry Potter","Licensed","General","Diagon Alley","X","75978-1","449.99","389.99","559.99","449.99","01/09/2020 00:00:00","26/10/2024 00:00:00","5544","17","Box","LEGO exclusive","6294190","6294189","5702016668094","673419322072","58.2","48","17","","16","","10947","5691","8","42","X","10","395.1400","311.0300","Joel Baker,","01/09/2020 00:00:00","31/12/2025 00:00:00","","","0","0","0","0","0","","","","","","","","",""
"30253","75979","1","2020","Normal","Harry Potter","Licensed","Characters","Hedwig","X","75979-1","39.99","34.99","49.99","39.99","03/07/2020 00:00:00","01/03/2024 00:00:00","630","1","Box","Retail","6296654","6296652","5702016685510","673419323598","28.2","26.2","7.6","","10","","13329","2220","2","10","X","5","42.7000","30.0100","Wes Talbott,","01/06/2020 00:00:00","31/12/2023 00:00:00","","","0","0","0","0","0","","","","","","","","",""
"30254","75980","1","2020","Normal","Harry Potter","Licensed","Half-Blood Prince","Attack on the Burrow","X","75980-1","99.99","89.99","139.99","99.99","03/07/2020 00:00:00","25/11/2022 00:00:00","1047","8","Box","Retail","6296656","6296655","5702016685527","","35.4","37.8","9.4","","9","","11301","3562","2","15","X","15","105.4400","76.3200","Wes Talbott,","01/06/2020 00:00:00","31/12/2022 00:00:00","","","0","0","0","0","0","","","","","","","","",""
"30657","75981","1","2020","Normal","Harry Potter","Licensed","Seasonal","LEGO Harry Potter Advent Calendar","X","75981-1","39.99","24.99","49.99","29.23","01/09/2020 00:00:00","26/02/2021 00:00:00","335","6","Box","Retail","6318368","6318366","5702016831276","673419333894","0","0","0","0","7","","9092","1102","1","10","X","5","20.2400","19.1900","Ryan Van Woerkom,","01/09/2020 00:00:00","31/12/2020 00:00:00","","","0","0","0","0","0","","","","","","","","",""
"30789","76382","1","2021","Normal","Harry Potter","Licensed","Hogwarts Moments","Hogwarts Moment: Transfiguration Class","X","76382-1","29.99","24.99","39.99","29.99","28/01/2021 00:00:00","26/12/2022 00:00:00","241","3","Box","Retail","6332773","6332772","5702016913576","","19.1","26.2","6.1","","8","","12983","1669","2","13","X","9","25.9100","17.6700","Nick Vas,","01/01/2021 00:00:00","31/12/2022 00:00:00","","","0","0","0","0","0","","","","","","","","",""
"30790","76383","1","2021","Normal","Harry Potter","Licensed","Hogwarts Moments","Hogwarts Moment: Potions Class","X","76383-1","29.99","24.99","39.99","29.99","14/01/2021 00:00:00","19/11/2022 00:00:00","271","3","Box","Retail","6332775","6332774","5702016912944","","19.1","26.2","6.1","","8","","12782","1743","2","13","X","5","27.2600","19.6900","","01/01/2021 00:00:00","31/12/2022 00:00:00","","","0","0","0","0","0","","","","","","","","",""
"30791","76384","1","2021","Normal","Harry Potter","Licensed","Hogwarts Moments","Hogwarts Moment: Herbology Class","X","76384-1","29.99","27.99","39.99","29.99","14/01/2021 00:00:00","24/01/2022 00:00:00","233","3","Box","Retail","6332777","6332776","5702016912951","","19.1","26.2","6.1","","8","","11489","2008","2","13","X","5","47.8500","35.4100","Nick Vas,","01/01/2021 00:00:00","31/12/2021 00:00:00","","","0","0","0","0","0","","","","","","","","",""
"30792","76385","1","2021","Normal","Harry Potter","Licensed","Hogwarts Moments","Hogwarts Moment: Charms Class","X","76385-1","29.99","24.99","39.99","29.99","02/01/2021 00:00:00","27/09/2022 00:00:00","256","3","Box","Retail","6332779","6332778","5702016913491","","19.1","26.2","6.1","","8","","11572","1912","2","10","X","13","29.3200","23.5900","","01/01/2021 00:00:00","31/12/2022 00:00:00","","","0","0","0","0","0","","","","","","","","",""
"30917","76386","1","2021","Normal","Harry Potter","Licensed","Chamber of Secrets","Hogwarts: Polyjuice Potion Mistake","X","76386-1","19.99","17.99","24.99","19.99","05/06/2021 00:00:00","01/03/2024 00:00:00","217","4","Box","Retail","6332781","6332780","5702016913507","673419339735","26.2","14.1","7.2","","7","","15456","1677","2","13","X","5","18.9800","13.4100","","01/06/2021 00:00:00","31/12/2023 00:00:00","","","0","0","0","0","0","","","","","","","","",""
"30918","76387","1","2021","Normal","Harry Potter","Licensed","Philosopher's Stone","Hogwarts: Fluffy Encounter","X","76387-1","39.99","34.99","49.99","39.99","05/06/2021 00:00:00","30/11/2022 00:00:00","397","4","Box","Retail","6333579","6332782","5702016912968","673419341776","28.2","26.2","7.6","","8","","10474","2023","2","13","X","8","62.4400","44.5400","","01/06/2021 00:00:00","31/12/2022 00:00:00","","","0","0","0","0","0","","","","","","","","",""
"30919","76388","1","2021","Normal","Harry Potter","Licensed","Prisoner of Azkaban","Hogsmeade Village Visit","X","76388-1","89.99","79.99","119.99","89.99","05/06/2021 00:00:00","29/08/2024 00:00:00","851","7","Box","Retail","6332785","6332784","5702016913675","673419340458","48","28.2","7.4","","8","","13886","2519","10","13","X","0","69.5900","52.7600","","01/06/2021 00:00:00","31/07/2024 00:00:00","","","0","0","0","0","0","","","","","","","","",""
"30920","76389","1","2021","Normal","Harry Potter","Licensed","Chamber of Secrets","Hogwarts Chamber of Secrets","X","76389-1","149.99","129.99","199.99","149.99","05/06/2021 00:00:00","26/10/2024 00:00:00","1176","11","Box","Retail","6332787","6332786","5702016913583","673419340113","58.2","37.8","8.7","","9","","10711","2700","2","16","X","5","98.6000","75.3000","Nick Vas,","01/06/2021 00:00:00","31/12/2024 00:00:00","","","0","0","0","0","0","","","","","","","","",""
"30921","76390","1","2021","Normal","Harry Potter","Licensed","Seasonal","LEGO Harry Potter Advent Calendar","X","76390-1","39.99","24.99","49.99","29.99","03/09/2021 00:00:00","08/12/2021 00:00:00","274","6","Box","Retail","6332837","6332836","5702016913804","","38.2","26.2","7.1","","7","","6609","1169","1","6","X","0","26.8000","15.0000","","01/09/2021 00:00:00","31/12/2021 00:00:00","","","0","0","0","0","0","","","","","","","","",""
"30922","76391","1","2021","Normal","Harry Potter","Licensed","Miscellaneous","Hogwarts Icons - Collectors' Edition","X","76391-1","299.99","259.99","379.99","299.99","03/09/2021 00:00:00","26/10/2024 00:00:00","3010","3","Box","LEGO exclusive","6349254","6332788","5702016913415","673419340175","58.2","48","12.4","","18","","7250","3519","7","16","X","18","233.7000","239.9500","Nick Vas,","02/09/2021 00:00:00","31/12/2025 00:00:00","","","0","0","0","0","0","","","","","","","","",""
"30923","76392","1","2021","Normal","Harry Potter","Licensed","Philosopher's Stone","Hogwarts Wizard's Chess","X","76392-1","59.99","59.99","79.99","69.99","18/04/2021 00:00:00","25/11/2022 00:00:00","876","4","Box","Retail - limited","6342799","6342798","5702016971620","673419344869","38.2","26.2","7.1","","10","","8041","2532","2","13","X","5","92.9300","64.7600","Freddy Charters,","01/06/2021 00:00:00","31/12/2022 00:00:00","","","0","0","0","0","0","","","","","","","","",""
"30924","76393","1","2021","Normal","Harry Potter","Licensed","Characters","Harry Potter & Hermione Granger","X","76393-1","119.99","114.99","159.99","129.99","18/04/2021 00:00:00","14/01/2023 00:00:00","1673","","Box","Retail - limited","6342801","6342800","5702016971637","673419344876","48","37.8","9.4","","10","","5151","1392","4","13","X","0","85.1900","74.6100","Nick Vas,","01/06/2021 00:00:00","31/12/2022 00:00:00","","","0","0","0","0","0","","","","","","","","",""
"30925","76394","1","2021","Normal","Harry Potter","Licensed","Characters","Fawkes, Dumbledore's Phoenix","X","76394-1","39.99","34.99","49.99","39.99","18/04/2021 00:00:00","25/11/2022 00:00:00","597","1","Box","Retail - limited","6342804","6342802","5702016971651","673419344883","28.2","26.2","5.9","","10","","9041","2328","2","12","X","0","68.6300","43.5400","Wes Talbott,","01/06/2021 00:00:00","31/12/2022 00:00:00","","","0","0","0","0","0","","","","","","","","",""
"30926","76395","1","2021","Normal","Harry Potter","Licensed","Philosopher's Stone","Hogwarts: First Flying Lesson","X","76395-1","29.99","24.99","39.99","29.99","02/08/2021 00:00:00","31/10/2022 00:00:00","264","5","Box","Retail - limited","6347956","6347946","5702017006185","","35.4","19.1","5.9","","7","","7906","2545","2","14","X","5","36.0800","25.0000","","01/06/2021 00:00:00","31/12/2022 00:00:00","","","0","0","0","0","0","","","","","","","","",""
"31918","76396","1","2022","Normal","Harry Potter","Licensed","Hogwarts Moments","Hogwarts Moment: Divination Class","X","76396-1","29.99","24.99","39.99","29.99","01/03/2022 00:00:00","04/12/2022 00:00:00","297","3","Box","Retail","6378976","6378965","5702017152646","","19.1","26.2","6.1","","8","","8221","1591","2","7","X","0","26.1900","15.3600","","01/03/2022 00:00:00","31/12/2022 00:00:00","","","0","0","0","0","0","","","","","","","","",""
"31919","76397","1","2022","Normal","Harry Potter","Licensed","Hogwarts Moments","Hogwarts Moment: Defence Against the Dark Arts Class","X","76397-1","29.99","24.99","39.99","29.99","01/03/2022 00:00:00","28/11/2022 00:00:00","257","4","Box","Retail","6378977","6378966","5702017153384","","19.1","26.2","6.1","","8","","8401","1690","2","10","X","5","30.1100","22.7000","","01/03/2022 00:00:00","31/12/2022 00:00:00","","","0","0","0","0","0","","","","","","","","",""
"31920","76398","1","2022","Normal","Harry Potter","Licensed","Prisoner of Azkaban","Hogwarts Hospital Wing","X","76398-1","49.99","44.99","64.99","49.99","01/03/2022 00:00:00","01/03/2024 00:00:00","510","4","Box","Retail","6378978","6378967","5702017153391","673419355476","38.2","26.2","5.7","","8","","8126","1954","2","7","X","0","52.7100","44.3500","Nick Vas,Woon Tze Chee,","01/03/2022 00:00:00","31/12/2023 00:00:00","","","0","0","0","0","0","","","","","","","","",""
"31921","76399","1","2022","Normal","Harry Potter","Licensed","Miscellaneous","Hogwarts Magical Trunk","X","76399-1","64.99","59.99","84.99","64.99","01/03/2022 00:00:00","01/03/2024 00:00:00","603","1","Box","Retail","6378979","6378968","5702017153407","673419355483","38.2","26.2","5.7","","8","","5933","1862","2","10","X","0","43.9100","26.9700","","01/03/2022 00:00:00","31/12/2023 00:00:00","","","0","0","0","0","0","","","","","","","","",""
"32374","76400","1","2022","Normal","Harry Potter","Licensed","Order of the Phoenix","Hogwarts Carriage and Thestrals","X","76400-1","19.99","17.99","24.99","19.99","20/06/2022 00:00:00","01/03/2024 00:00:00","121","2","Box","Retail","6378980","6378969","5702017153414","673419355490","26.2","14.1","4.8","","7","","8475","1513","2","7","X","5","15.9100","9.7000","","01/06/2022 00:00:00","31/12/2023 00:00:00","","","0","0","0","0","0","","","","","","","","",""
"32375","76401","1","2022","Normal","Harry Potter","Licensed","Prisoner of Azkaban","Hogwarts Courtyard: Sirius's Rescue","X","76401-1","49.99","44.99","64.99","49.99","20/06/2022 00:00:00","01/03/2024 00:00:00","345","3","Box","Retail","6378981","6378970","5702017153421","673419355506","28.2","26.2","5.9","","8","","6177","1810","2","7","X","0","43.7800","30.2300","","01/06/2022 00:00:00","31/12/2023 00:00:00","","","0","0","0","0","0","","","","","","","","",""
"32376","76402","1","2022","Normal","Harry Potter","Licensed","Chamber of Secrets","Hogwarts: Dumbledore's Office","X","76402-1","79.99","79.99","99.99","89.99","20/06/2022 00:00:00","26/10/2024 00:00:00","654","6","Box","Retail","6378982","6378971","5702017153438","673419355513","35.4","37.8","7.1","","8","","6714","2031","3","10","X","0","62.2300","58.5500","Nick Vas,","01/06/2022 00:00:00","31/12/2024 00:00:00","","","0","0","0","0","0","","","","","","","","",""
"32377","76403","1","2022","Normal","Harry Potter","Licensed","Deathly Hallows","The Ministry of Magic","X","76403-1","99.99","89.99","129.99","99.99","20/06/2022 00:00:00","01/03/2024 00:00:00","990","10","Box","Retail","6378983","6378972","5702017153445","673419355520","48","37.8","7.1","","9","","6625","1937","2","13","X","8","65.2300","56.5600","Nick Vas,","01/06/2022 00:00:00","31/12/2023 00:00:00","","","0","0","0","0","0","","","","","","","","",""
"32378","76404","1","2022","Normal","Harry Potter","Licensed","Seasonal","LEGO Harry Potter Advent Calendar","X","76404-1","44.99","29.99","59.99","34.99","02/08/2022 00:00:00","05/02/2023 00:00:00","334","8","Box","Retail","6378984","6378973","5702017152325","","38.2","26.2","7.1","","7","","5907","799","1","8","X","2","23.1300","17.0000","Atticus,Nick Vas,","01/09/2022 00:00:00","31/12/2022 00:00:00","","","0","0","0","0","0","","","","","","","","",""
"32379","76405","1","2022","Normal","Harry Potter","Licensed","General","Hogwarts Express - Collectors' Edition","X","76405-1","499.99","429.99","619.99","499.99","11/08/2022 00:00:00","23/10/2024 00:00:00","5129","20","Box","LEGO exclusive","6378985","6378974","5702017152691","673419355544","52.3","48","21.8","","18","","3778","3238","29","14","X","0","416.1800","303.7700","","31/08/2022 00:00:00","31/12/2024 00:00:00","","","0","0","0","0","0","","","","","","","","",""
"32380","76406","1","2022","Normal","Harry Potter","Licensed","Goblet of Fire","Hungarian Horntail Dragon","X","76406-1","49.99","44.99","64.99","49.99","07/05/2022 00:00:00","01/03/2024 00:00:00","671","1","Box","Retail","6385835","6385834","5702017189970","673419361811","38.2","26.2","5.7","","10","","6365","2157","2","7","X","0","53.0300","40.0700","Wes Talbott,","01/06/2022 00:00:00","31/12/2023 00:00:00","","","0","0","0","0","0","","","","","","","","",""
"32381","76407","1","2022","Normal","Harry Potter","Licensed","Prisoner of Azkaban","The Shrieking Shack & Whomping Willow","X","76407-1","89.99","79.99","119.99","89.99","07/05/2022 00:00:00","26/10/2024 00:00:00","777","7","Box","Retail","6385837","6385836","5702017189987","673419361828","48","28.2","6.1","","9","","6026","2640","3","6","X","0","66.7500","52.8900","","01/06/2022 00:00:00","31/12/2024 00:00:00","","","0","0","0","0","0","","","","","","","","",""
"32382","76408","1","2022","Normal","Harry Potter","Licensed","Order of the Phoenix","12 Grimmauld Place","X","76408-1","119.99","114.99","149.99","129.99","20/06/2022 00:00:00","05/02/2024 00:00:00","1083","9","Box","Retail","6385839","6385838","5702017189994","673419361835","48","37.8","7.1","","8","","6227","2950","2","6","X","0","144.4600","122.8400","George Gilliatt,","01/06/2022 00:00:00","31/12/2023 00:00:00","","","0","0","0","0","0","","","","","","","","",""
"34395","76409","1","2023","Normal","Harry Potter","Licensed","House Banners","Gryffindor House Banner","X","76409-1","34.99","29.99","44.99","34.99","15/12/2022 00:00:00","01/03/2024 00:00:00","285","3","Box","Retail","6425993","6425992","5702017413136","673419375757","19.1","26.2","6.1","","9","","4314","1352","2","2","X","0","27.1400","17.8700","","01/03/2023 00:00:00","31/12/2023 00:00:00","","","0","0","0","0","0","","","","","","","","",""
"34393","76410","1","2023","Normal","Harry Potter","Licensed","House Banners","Slytherin House Banner","X","76410-1","34.99","29.99","44.99","34.99","15/12/2022 00:00:00","01/03/2024 00:00:00","349","3","Box","Retail","6425995","6425994","5702017413143","673419375764","19.1","26.2","6.1","","9","","4309","1332","2","2","X","5","26.5000","","","01/03/2023 00:00:00","31/12/2023 00:00:00","","","0","0","0","0","0","","","","","","","","",""
"34394","76411","1","2023","Normal","Harry Potter","Licensed","House Banners","Ravenclaw House Banner","X","76411-1","34.99","29.99","44.99","34.99","15/12/2022 00:00:00","01/03/2024 00:00:00","305","3","Box","Retail","6425997","6425996","5702017413150","673419375771","19.1","26.2","6.1","","9","","4241","1376","2","2","X","0","30.9300","19.5400","","01/03/2023 00:00:00","31/12/2023 00:00:00","","","0","0","0","0","0","","","","","","","","",""
"34391","76412","1","2023","Normal","Harry Potter","Licensed","House Banners","Hufflepuff House Banner","X","76412-1","34.99","29.99","44.99","34.99","15/12/2022 00:00:00","01/03/2024 00:00:00","313","3","Box","Retail","6425999","6425998","5702017413167","673419375788","19.1","26.2","6.1","","9","","4159","1383","2","2","X","0","27.1900","17.8100","","01/03/2023 00:00:00","31/12/2023 00:00:00","","","0","0","0","0","0","","","","","","","","",""
"34392","76413","1","2023","Normal","Harry Potter","Licensed","Deathly Hallows","Hogwarts: Room of Requirement","X","76413-1","49.99","44.99","64.99","49.99","15/12/2022 00:00:00","26/10/2024 00:00:00","587","5","Box","Retail","6426001","6426000","5702017413174","673419375795","26.2","38.2","7.1","","8","","5023","1707","3","2","X","0","43.1700","32.0100","","01/03/2023 00:00:00","31/12/2024 00:00:00","","","0","0","0","0","0","","","","","","","","",""
"45493","76414","1","2023","Normal","Harry Potter","Licensed","Prisoner of Azkaban","Expecto Patronum","X","76414-1","69.99","62.99","89.99","69.99","16/05/2023 00:00:00","26/10/2024 00:00:00","754","2","Box","Retail","6426003","6426002","5702017413181","673419375801","26.2","38.2","7.1","","14","","3064","1403","5","6","X","0","56.5600","37.9200","","01/06/2023 00:00:00","31/12/2024 00:00:00","","","0","0","0","0","0","","","","","","","","",""
"45494","76415","1","2023","Normal","Harry Potter","Licensed","Deathly Hallows","The Battle of Hogwarts","X","76415-1","79.99","74.99","99.99","84.99","16/05/2023 00:00:00","26/10/2024 00:00:00","730","6","Box","Retail","6426005","6426004","5702017413198","673419375818","38.2","26.2","9.4","","9","","4234","1704","3","7","X","0","63.4800","45.0000","","01/06/2023 00:00:00","31/12/2024 00:00:00","","","0","0","0","0","0","","","","","","","","",""
"45495","76416","1","2023","Normal","Harry Potter","Licensed","Miscellaneous","Quidditch Trunk","X","76416-1","67.99","62.99","84.99","69.99","16/05/2023 00:00:00","26/10/2024 00:00:00","599","4","Box","Retail","6426009","6426008","5702017413204","673419375849","38.2","26.2","5.7","","9","","2048","1297","3","10","X","0","49.6400","21.2000","","01/06/2023 00:00:00","31/12/2024 00:00:00","","","0","0","0","0","0","","","","","","","","",""
"47236","76417","1","2023","Normal","Harry Potter","Licensed","General","Gringotts Wizarding Bank - Collectors' Edition","X","76417-1","429.99","369.99","559.99","429.99","22/08/2023 00:00:00","26/10/2024 00:00:00","4803","13","Box","LEGO exclusive","6426011","6426010","5702017413211","673419375856","48","52.3","21.8","","18","","3074","3584","28","14","X","0","371.5500","330.0000","Carl Merriam,George Gilliatt,Justin Ramsden,","01/09/2023 00:00:00","31/12/2025 00:00:00","","","0","0","0","0","0","","","","","","","","",""
"45496","76418","1","2023","Normal","Harry Potter","Licensed","Seasonal","LEGO Harry Potter Advent Calendar","X","76418-1","44.99","29.99","59.99","37.99","22/08/2023 00:00:00","01/03/2024 00:00:00","227","6","Box","Retail","6426013","6426012","5702017417080","673419375887","38.2","26.2","7.1","","7","","3788","662","1","6","X","0","19.6300","15.0000","","01/09/2023 00:00:00","31/12/2023 00:00:00","","","0","0","0","0","0","","","","","","","","",""
"45497","76419","1","2023","Normal","Harry Potter","Licensed","Miscellaneous","Hogwarts Castle and Grounds","X","76419-1","169.99","149.99","219.99","169.99","02/06/2023 00:00:00","26/10/2024 00:00:00","2660","1","Box","Retail","6426015","6426014","5702017413228","673419375863","48","37.8","11.2","","18","","4641","2780","17","12","X","0","125.8200","107.4700","","01/09/2023 00:00:00","31/12/2025 00:00:00","","","0","0","0","0","0","","","","","","","","",""
"34390","76420","1","2023","Normal","Harry Potter","Licensed","Goblet of Fire","Triwizard Tournament: The Black Lake","X","76420-1","44.99","39.99","59.99","44.99","15/12/2022 00:00:00","26/10/2024 00:00:00","349","5","Box","Retail","6426019","6426018","5702017413235","673419375870","26.2","28.2","5.9","","8","","5082","1812","3","2","X","4","34.3000","19.2500","George Gilliatt,","01/03/2023 00:00:00","31/12/2024 00:00:00","","","0","0","0","0","0","","","","","","","","",""
"45498","76421","1","2023","Normal","Harry Potter","Licensed","Characters","Dobby the House-Elf","X","76421-1","34.99","24.99","44.99","29.99","16/05/2023 00:00:00","26/10/2024 00:00:00","403","","Box","Retail","6440283","6440282","5702017462455","673419381178","19.1","26.2","7.2","","8","","4242","839","3","8","X","7","17.3100","2.5000","George Gilliatt,","01/06/2023 00:00:00","31/12/2027 00:00:00","","","0","0","0","0","0","","","","","","","","",""
"45499","76422","1","2023","Normal","Harry Potter","Licensed","Half-Blood Prince","Diagon Alley: Weasleys' Wizard Wheezes","X","76422-1","89.99","84.99","119.99","94.99","03/05/2023 00:00:00","26/10/2024 00:00:00","834","7","Box","Retail","6431259","6431258","5702017434025","673419379274","35.4","37.8","7.1","","8","","2190","1909","2","7","X","5","82.0500","59.5000","Joel Baker,","01/06/2023 00:00:00","31/12/2024 00:00:00","","","0","0","0","0","0","","","","","","","","",""
"47072","76423","1","2023","Normal","Harry Potter","Licensed","Philosopher's Stone","Hogwarts Express & Hogsmeade Station","X","76423-1","129.99","114.99","169.99","129.99","16/05/2023 00:00:00","26/10/2024 00:00:00","1074","8","Box","Retail","6431263","6431262","5702017434032","673419379281","54","28.2","9.1","","8","","2157","2416","3","8","X","0","97.8500","88.5700","George Gilliatt,","01/06/2023 00:00:00","31/12/2025 00:00:00","","","0","0","0","0","0","","","","","","","","",""
"48457","76424","1","2024","Normal","Harry Potter","Licensed","Chamber of Secrets","Flying Ford Anglia","X","76424-1","14.99","12.99","19.99","14.99","02/12/2023 00:00:00","26/10/2024 00:00:00","165","2","Box","Retail","6470516","6470515","5702017583075","673419388252","26.2","14.1","4.8","0.22","7","","2860","1578","2","8","X","1","12.1400","","Atticus,","01/03/2024 00:00:00","31/12/2027 00:00:00","","","0","0","0","0","0","","","","","","","","",""
"48458","76425","1","2024","Normal","Harry Potter","Licensed","Chamber of Secrets","Hedwig at 4 Privet Drive","X","76425-1","19.99","17.99","24.99","19.99","02/12/2023 00:00:00","26/10/2024 00:00:00","337","","Box","Retail","6470518","6470517","5702017583082","673419388269","26.2","14.1","7.2","","7","","1287","790","2","10","X","0","14.5900","","","01/03/2024 00:00:00","31/07/2026 00:00:00","","","0","0","0","0","0","","","","","","","","",""
"48459","76426","1","2024","Normal","Harry Potter","Licensed","Philosopher's Stone","Hogwarts Castle Boathouse","X","76426-1","37.99","31.99","49.99","37.99","02/12/2023 00:00:00","26/10/2024 00:00:00","350","5","Box","Retail","6470520","6470519","5702017583099","673419388276","19.1","26.2","7.2","","8","","2059","1736","2","9","X","4","24.9900","","","01/03/2024 00:00:00","31/07/2026 00:00:00","","","0","0","0","0","0","","","","","","","","",""
"48829","76427","1","2024","Normal","Harry Potter","Licensed","Prisoner of Azkaban","Buckbeak ","X","76427-1","59.99","54.99","79.99","59.99","03/05/2024 00:00:00","26/10/2024 00:00:00","723","","Box","Retail","6474614","6474613","5702017599496","673419393522","28.2","26.2","9.6","","9","","615","1008","2","7","X","0","49.7000","34.1900","George Gilliatt,","01/06/2024 00:00:00","31/07/2026 00:00:00","","","0","0","0","0","0","","","","","","","","",""
"48460","76428","1","2024","Normal","Harry Potter","Licensed","Philosopher's Stone","Hagrid's Hut: An Unexpected Visit","X","76428-1","74.99","64.99","99.99","74.99","02/12/2023 00:00:00","26/10/2024 00:00:00","896","5","Box","Retail","6470522","6470521","5702017583105","673419388283","38.2","26.2","7.1","","8","","1776","2148","2","12","X","0","69.9600","50.0000","Atticus,","01/03/2024 00:00:00","31/07/2026 00:00:00","","","0","0","0","0","0","","","","","","","","",""
"48461","76429","1","2024","Normal","Harry Potter","Licensed","Miscellaneous","Talking Sorting Hat","X","76429-1","99.99","89.99","129.99","99.99","01/02/2024 00:00:00","26/10/2024 00:00:00","561","1","Box","Retail","6470524","6470523","5702017583112","673419388290","26.2","38.2","7.1","","18","","1617","1319","7","7","X","0","75.0000","32.9200","George Gilliatt,","01/03/2024 00:00:00","31/12/2026 00:00:00","","","0","0","0","0","0","","","","","","","","",""
"48462","76430","1","2024","Normal","Harry Potter","Licensed","Goblet of Fire","Hogwarts Castle Owlery","X","76430-1","44.99","39.99","59.99","44.99","02/12/2023 00:00:00","26/10/2024 00:00:00","364","3","Box","Retail","6470526","6470525","5702017583129","673419388306","22.2","26.2","6.2","","8","","2349","1944","2","11","X","0","33.5400","","","01/03/2024 00:00:00","31/12/2025 00:00:00","","","0","0","0","0","0","","","","","","","","",""
"48830","76431","1","2024","Normal","Harry Potter","Licensed","Philosopher's Stone","Hogwarts Castle: Potions Class","X","76431-1","39.99","34.99","49.99","39.99","03/05/2024 00:00:00","26/10/2024 00:00:00","397","4","Box","Retail","6470528","6470527","5702017583136","673419388313","26.2","19.1","7.2","","8","","1273","1614","2","9","X","0","31.1600","","","01/06/2024 00:00:00","31/07/2026 00:00:00","","","0","0","0","0","0","","","","","","","","",""
"48463","76432","1","2024","Normal","Harry Potter","Licensed","Philosopher's Stone","Forbidden Forest: Magical Creatures","X","76432-1","29.99","24.99","39.99","29.99","02/12/2023 00:00:00","26/10/2024 00:00:00","172","2","Box","Retail","6474616","6474615","5702017599502","673419393539","26.2","19.1","4.6","","8","","1786","1636","2","8","X","0","22.4500","","George Gilliatt,","01/03/2024 00:00:00","31/12/2024 00:00:00","","","0","0","0","0","0","","","","","","","","",""
"48831","76433","1","2024","Normal","Harry Potter","Licensed","Chamber of Secrets","Mandrake ","X","76433-1","69.99","59.99","89.99","69.99","03/05/2024 00:00:00","26/10/2024 00:00:00","579","","Box","Retail","6470530","6470529","5702017583143","673419388351","26.2","28.2","7.6","","10","","1137","1271","2","9","X","0","57.1600","53.4300","","01/06/2024 00:00:00","31/12/2026 00:00:00","","","0","0","0","0","0","","","","","","","","",""
"48832","76434","1","2024","Normal","Harry Potter","Licensed","Chamber of Secrets","Aragog in the Forbidden Forest ","X","76434-1","19.99","17.99","24.99","19.99","03/05/2024 00:00:00","26/10/2024 00:00:00","195","2","Box","Retail","6474618","6474617","5702017599519","673419393546","26.2","14.1","4.8","","7","","1467","1327","2","8","X","0","15.8300","","Atticus,","01/06/2024 00:00:00","31/07/2026 00:00:00","","","0","0","0","0","0","","","","","","","","",""
"48833","76435","1","2024","Normal","Harry Potter","Licensed","Philosopher's Stone","Hogwarts Castle: The Great Hall ","X","76435-1","199.99","169.99","259.99","199.99","03/05/2024 00:00:00","26/10/2024 00:00:00","1732","11","Box","Retail","6470532","6470531","5702017583150","673419388368","52.3","48","9.1","","10","","921","1938","10","11","X","0","184.7500","","Atticus,","01/06/2024 00:00:00","31/12/2026 00:00:00","","","0","0","0","0","0","","","","","","","","",""
"48957","76437","1","2024","Normal","Harry Potter","Licensed","Chamber of Secrets","The Burrow - Collectors' Edition","X","76437-1","259.99","219.99","339.99","259.99","21/08/2024 00:00:00","26/10/2024 00:00:00","2405","10","Box","LEGO exclusive","6471383","6471382","5702017590417","673419390729","","","","","18","","1439","1221","11","25","X","0","238.5400","186.0200","","01/09/2024 00:00:00","31/12/2026 00:00:00","","","0","0","0","0","0","","","","","","","","",""
"49142","76438","1","2024","Normal","Harry Potter","Licensed","Seasonal","Harry Potter Advent Calendar 2024","X","76438-1","44.99","29.99","59.99","34.99","02/05/2024 00:00:00","26/10/2024 00:00:00","301","","Box","Retail","6470534","6470533","5702017582993","673419388153","","","","","7","","717","1284","1","4","X","0","31.7600","","","01/09/2024 00:00:00","31/12/2024 00:00:00","","","0","0","0","0","0","","","","","","","","",""
"48834","76439","1","2024","Normal","Harry Potter","Licensed","Philosopher's Stone","Ollivanders & Madam Malkin's Robes","X","76439-1","89.99","79.99","119.99","89.99","03/05/2024 00:00:00","26/10/2024 00:00:00","744","6","Box","Retail","6470536","6470535","5702017583167","673419388375","35.4","37.8","7.1","","8","","1085","1678","4","10","X","0","74.8700","","","01/06/2024 00:00:00","31/07/2026 00:00:00","","","0","0","0","0","0","","","","","","","","",""
"48835","76440","1","2024","Normal","Harry Potter","Licensed","Goblet of Fire","Triwizard Tournament: The Arrival","X","76440-1","139.99","124.99","179.99","139.99","03/05/2024 00:00:00","26/10/2024 00:00:00","1229","5","Box","Retail","6474622","6474621","5702017599533","673419394062","48","37.8","7.1","","10","","1314","2186","2","8","X","0","132.7100","","","01/06/2024 00:00:00","31/12/2025 00:00:00","","","0","0","0","0","0","","","","","","","","",""
"28290","5005254","1","2018","Extended","Harry Potter","Licensed","Promotional","Harry Potter Minifigure Collection","X","5005254-1","","","","","","","25","4","Box","Retail - limited","","","","673419294300","","","","","","","5697","2364","0","0","X","10","34.8500","23.2900","","","","","","0","0","0","0","0","","","","","","","","",""
"33957","6268521","1","2018","Extended","Harry Potter","Licensed","Promotional","Harry Potter Mosaic","X","6268521-1","","","","","","","2308","","{Not specified}","{Not specified}","","","","","","","","","","","28","231","0","0","X","0","","","","","","","","0","0","0","0","0","","","","","","","","",""
"33958","6268522","1","2018","Extended","Harry Potter","Licensed","Promotional","Hermione Granger Mosaic","X","6268522-1","","","","","","","2308","","{Not specified}","{Not specified}","","","","","","","","","","","26","229","0","0","X","0","","","","","","","","0","0","0","0","0","","","","","","","","",""
"33550","6385434","1","2022","Extended","Harry Potter","Licensed","Promotional","Golden Snitch","X","6385434-1","","","","","","","35","","Zip-lock bag","{Not specified}","","","","","","","","","","","233","791","0","0","X","0","","","","","","","","0","0","0","0","0","","","","","","","","",""
"48336","6482525","1","2023","Extended","Harry Potter","Licensed","Promotional","Wand","X","6482525-1","","","","","","","26","","None (loose parts)","Promotional","","","","","","","","","","","175","267","0","0","X","0","","","","","","","","0","0","0","0","0","","","","","","","","",""
"49114","6508942","1","2024","Extended","Harry Potter","Licensed","Promotional","Hagrid's Hut","X","HPMAT-1","","","","","","","87","","None (loose parts)","Promotional","","","","","","","","","","","67","223","0","0","X","0","","","","","","","","0","0","0","0","0","","","","","","","","",""
"50392","6541140","1","2024","Extended","Harry Potter","Licensed","Promotional","Platform 9 3/4","X","6541140-1","","","","","","","103","","Box","Promotional","","","","","","","","","10","","119","251","0","0","X","0","30.0000","","","","","","","0","0","0","0","0","","","","","","","","",""
"50408","6545695","1","2024","Extended","Harry Potter","Licensed","Promotional","Hogwarts Express","X","6545695-1","","","","","","","42","","None (loose parts)","Promotional","","","","","","","","","","","93","111","0","2","X","0","","","","","","","","0","0","0","0","0","","","","","","","","",""
"31134","HOGEXP","1","2018","Other","Harry Potter","Licensed","Promotional","Hogwarts Express","X","HOGEXP-1","","","","","","","43","","None (loose parts)","{Not specified}","","","","","","","","","","","161","483","0","1","X","0","","","","","","","","0","0","0","0","0","","","","","","","","",""
"9498","HPG01","1","2002","Other","Harry Potter","Licensed","Promotional","Harry Potter Minifigure Collection Gallery 1","","","","","","","","","20","4","Box","Promotional","","","","","","","","","","","73","607","0","0","X","0","127.5900","","","","","","","0","0","0","0","0","","","","","","","","",""
"9499","HPG02","1","2002","Other","Harry Potter","Licensed","Promotional","Harry Potter Minifigure Collection Gallery 2","","","","","","","","","17","4","Box","Promotional","","","","","","","","","","","64","593","0","0","X","0","127.5900","","","","","","","0","0","0","0","0","","","","","","","","",""
"9500","HPG03","1","2002","Other","Harry Potter","Licensed","Promotional","Harry Potter Minifigure Collection Gallery 3","","","","","","","","","23","4","Box","Promotional","","","","","","","","","","","50","589","0","0","X","0","200.0000","","","","","","","0","0","0","0","0","","","","","","","","",""
"9501","HPG04","1","2002","Other","Harry Potter","Licensed","Promotional","Harry Potter Minifigure Collection Gallery 4","","","","","","","","","23","5","Box","Promotional","","","","","","","","","","","55","592","0","0","X","0","127.5900","","","","","","","0","0","0","0","0","","","","","","","","",""
"9510","HPSDCC1","1","2011","Other","Harry Potter","Licensed","Promotional","Harry Potter Minifigure","","","0","","","","","","5","","Other","Promotional","","","","","","","","","","","78","546","0","0","X","0","","","","","","","","0","0","0","0","0","","","","","","","","",""
"9482","HPWAND","1","2011","Other","Harry Potter","Licensed","Promotional","Wand","","","3.99","","","","","","26","","None (loose parts)","Promotional","","","","","","","","","","","94","508","0","0","X","0","","","","","","","","0","0","0","0","0","","","","","","","","",""
"10089","KCCHP","1","2002","Other","Harry Potter","Licensed","Promotional","Harry Potter Coca Cola Gift Set","","","","","","","","","540","","Box","Promotional","","","","","","","","","","","39","496","0","0","X","0","376.0800","","","","","","","0","0","0","0","0","","","","","","","","",""
"29621","KNIGHTBUS","1","2019","Other","Harry Potter","Licensed","Promotional","Knight Bus","X","KNIGHTBUS-1","","","","","","","36","","{Not specified}","{Not specified}","","","","","","","","","","","106","691","0","1","X","0","","","","","","","","0","0","0","0","0","","","","","","","","",""
"9511","SDCC2011","1","2011","Other","Harry Potter","Licensed","Promotional","Voldemort","X","VSDCC1-1","0","","","","","","5","","Other","Promotional","","","","","","","","","","","118","763","0","0","X","0","","","","","","","","0","0","0","0","0","","","","","","","","",""
"29523","SNITCH","1","2019","Other","Harry Potter","Licensed","Promotional","Golden Snitch","X","SNITCH-1","","","","","","","35","","None (loose parts)","Not sold","","","","","","","","","","","517","855","0","0","X","0","10.2300","12.1900","","","","","","0","0","0","0","0","","","","","","","","",""
"9316","TRU01","1","2002","Other","Harry Potter","Licensed","Promotional","Quidditch Tower (TRU Event Exclusive)","","","","","","","","","38","","None (loose parts)","Promotional","","","","","","","","","","","104","568","0","0","X","2","","23.6900","","","","","","0","0","0","0","0","","","","","","","","",""
"30211","TRUWEASLEYCAR","1","2018","Other","Harry Potter","Licensed","Promotional","The Weasleys' car","X","TRUWEASLEYCAR-1","","","","","","","36","","None (loose parts)","{Not specified}","","","","","","","","","","","82","645","0","0","X","0","","14.6500","","","","","","0","0","0","0","0","","","","","","","","",""







